code,name,ktype,fq,tdate,open,close,high,low,cjl,cje,zf,zdf,zde,hsl
"股票代码","股票名称","K线类别","复权信息，除沪深京A股、B股、港股外，其余复权值默认为前复权","交易时间","开盘价","收盘价","最高价","最低价","成交量","成交额","振幅","涨跌幅","涨跌额","换手率"
"000001","平安银行","101","1","2024-01-02","7.83","7.65","7.86","7.65","1158370.0","1075740032","2.68","-2.3","-0.18","0.6"
"000001","平安银行","101","1","2024-01-03","7.63","7.64","7.66","7.59","733610.0","673673984","0.92","-0.13","-0.01","0.38"
"000001","平安银行","101","1","2024-01-04","7.63","7.55","7.63","7.52","864194.0","787470016","1.44","-1.18","-0.09","0.45"
"000001","平安银行","101","1","2024-01-05","7.54","7.71","7.88","7.51","1991620.0","1852659968","4.9","2.12","0.16","1.03"
"000001","平安银行","101","1","2024-01-08","7.67","7.59","7.74","7.55","1121160.0","1029009984","2.46","-1.56","-0.12","0.58"
"000001","平安银行","101","1","2024-01-09","7.6","7.62","7.63","7.53","766194.0","700376000","1.32","0.4","0.03","0.39"
"000001","平安银行","101","1","2024-01-10","7.6","7.53","7.63","7.53","858621.0","783771008","1.31","-1.18","-0.09","0.44"
"000001","平安银行","101","1","2024-01-11","7.52","7.61","7.66","7.47","934686.0","853889984","2.52","1.06","0.08","0.48"
"000001","平安银行","101","1","2024-01-12","7.57","7.63","7.71","7.55","772582.0","711017984","2.1","0.26","0.02","0.4"
"000001","平安银行","101","1","2024-01-15","7.6","7.65","7.73","7.57","745133.0","685950976","2.1","0.26","0.02","0.38"
"000001","平安银行","101","1","2024-01-16","7.63","7.78","7.79","7.6","1438310.0","1334470016","2.48","1.7","0.13","0.74"
"000001","平安银行","101","1","2024-01-17","7.77","7.67","7.83","7.67","1482300.0","1380729984","2.06","-1.41","-0.11","0.76"
"000001","平安银行","101","1","2024-01-18","7.65","7.64","7.68","7.44","1755130.0","1597849984","3.13","-0.39","-0.03","0.9"
"000001","平安银行","101","1","2024-01-19","7.6","7.61","7.64","7.54","963981.0","881865024","1.31","-0.39","-0.03","0.5"
"000001","平安银行","101","1","2024-01-22","7.6","7.54","7.7","7.48","1580320.0","1449859968","2.89","-0.92","-0.07","0.81"
"000001","平安银行","101","1","2024-01-23","7.49","7.6","7.62","7.4","1135540.0","1030899968","2.92","0.8","0.06","0.59"
"000001","平安银行","101","1","2024-01-24","7.67","7.77","7.78","7.51","1759120.0","1620099968","3.55","2.24","0.17","0.91"
"000001","平安银行","101","1","2024-01-25","7.77","7.94","7.98","7.71","2162510.0","2037650048","3.47","2.19","0.17","1.11"
"000001","平安银行","101","1","2024-01-26","7.91","8.06","8.11","7.88","2272290.0","2172800000","2.9","1.51","0.12","1.17"
"000001","平安银行","101","1","2024-01-29","8.13","8.14","8.32","8.02","2376250.0","2312169984","3.72","0.99","0.08","1.22"
"000001","平安银行","101","1","2024-01-30","8.05","7.94","8.14","7.93","1579120.0","1515160064","2.58","-2.46","-0.2","0.81"
"000001","平安银行","101","1","2024-01-31","7.9","7.9","8.0","7.82","1357220.0","1286860032","2.27","-0.5","-0.04","0.7"
"000001","平安银行","101","1","2024-02-01","7.85","7.85","7.92","7.78","1055260.0","993481984","1.77","-0.63","-0.05","0.54"
"000001","平安银行","101","1","2024-02-02","7.86","7.71","7.91","7.51","1634210.0","1520610048","5.1","-1.78","-0.14","0.84"
"000001","平安银行","101","1","2024-02-05","7.63","7.82","7.87","7.55","1803590.0","1674569984","4.15","1.43","0.11","0.93"
"000001","平安银行","101","1","2024-02-06","7.74","8.12","8.12","7.73","1995410.0","1900320000","4.99","3.84","0.3","1.03"
"000001","平安银行","101","1","2024-02-07","8.06","8.05","8.11","7.92","2062020.0","1975440000","2.34","-0.86","-0.07","1.06"
"000001","平安银行","101","1","2024-02-08","8.02","8.11","8.11","7.96","1656810.0","1593510016","1.86","0.75","0.06","0.85"
"000001","平安银行","101","1","2024-02-19","8.2","8.25","8.25","8.09","1605240.0","1564089984","1.97","1.73","0.14","0.83"
"000001","平安银行","101","1","2024-02-20","8.23","8.26","8.28","8.17","1123560.0","1098989952","1.33","0.12","0.01","0.58"
"000001","平安银行","101","1","2024-02-21","8.22","9.24","9.24","8.21","5055280.0","5295260160","12.47","11.86","0.98","2.61"
"000001","平安银行","101","1","2024-02-22","9.09","9.34","9.35","9.06","4922320.0","5307740160","3.14","1.08","0.1","2.54"
"000001","平安银行","101","1","2024-02-23","9.32","9.29","9.68","9.28","3567480.0","3917319936","4.28","-0.54","-0.05","1.84"
"000001","平安银行","101","1","2024-02-26","9.22","8.97","9.32","8.94","2862610.0","3048209920","4.09","-3.44","-0.32","1.48"
"000001","平安银行","101","1","2024-02-27","8.93","8.94","9.04","8.9","1981900.0","2083030016","1.56","-0.33","-0.03","1.02"
"000001","平安银行","101","1","2024-02-28","8.95","8.93","9.14","8.84","3082690.0","3253339904","3.36","-0.11","-0.01","1.59"
"000001","平安银行","101","1","2024-02-29","8.86","9.03","9.03","8.85","1845340.0","1936019968","2.02","1.12","0.1","0.95"
"000001","平安银行","101","1","2024-03-01","9.03","8.93","9.04","8.87","1828100.0","1917689984","1.88","-1.11","-0.1","0.94"
"000001","平安银行","101","1","2024-03-04","8.89","8.77","8.94","8.76","1655930.0","1719559936","2.02","-1.79","-0.16","0.85"
"000001","平安银行","101","1","2024-03-05","8.74","8.87","8.91","8.7","1817320.0","1889139968","2.39","1.14","0.1","0.94"
"000001","平安银行","101","1","2024-03-06","8.84","8.77","8.89","8.77","1345640.0","1396940032","1.35","-1.13","-0.1","0.69"
"000001","平安银行","101","1","2024-03-07","8.77","8.82","9.08","8.77","2016170.0","2109590016","3.53","0.57","0.05","1.04"
"000001","平安银行","101","1","2024-03-08","8.79","8.82","8.88","8.74","1113970.0","1154489984","1.59","0.0","0.0","0.57"
"000001","平安银行","101","1","2024-03-11","8.82","8.91","8.91","8.78","1210670.0","1260210048","1.47","1.02","0.09","0.62"
"000001","平安银行","101","1","2024-03-12","8.92","9.0","9.03","8.85","1641260.0","1722000000","2.02","1.01","0.09","0.85"
"000001","平安银行","101","1","2024-03-13","8.97","8.77","8.99","8.74","1768040.0","1834649984","2.78","-2.56","-0.23","0.91"
"000001","平安银行","101","1","2024-03-14","8.74","8.67","8.82","8.64","1409400.0","1448499968","2.05","-1.14","-0.1","0.73"
"000001","平安银行","101","1","2024-03-15","8.99","9.04","9.19","8.94","3750210.0","3973799936","2.88","4.27","0.37","1.93"
"000001","平安银行","101","1","2024-03-18","9.0","8.98","9.05","8.93","1671400.0","1761250048","1.33","-0.66","-0.06","0.86"
"000001","平安银行","101","1","2024-03-19","8.97","8.84","8.98","8.83","1293220.0","1351069952","1.67","-1.56","-0.14","0.67"
"000001","平安银行","101","1","2024-03-20","8.82","8.89","8.91","8.81","872663.0","910278976","1.13","0.57","0.05","0.45"
"000001","平安银行","101","1","2024-03-21","8.89","8.91","8.96","8.86","864466.0","905422016","1.12","0.22","0.02","0.45"
"000001","平安银行","101","1","2024-03-22","8.89","8.8","8.89","8.75","1028140.0","1065539968","1.57","-1.23","-0.11","0.53"
"000001","平安银行","101","1","2024-03-25","8.79","8.84","8.93","8.76","953202.0","993304000","1.93","0.45","0.04","0.49"
"000001","平安银行","101","1","2024-03-26","8.89","9.04","9.1","8.86","1740020.0","1835379968","2.71","2.26","0.2","0.9"
"000001","平安银行","101","1","2024-03-27","9.0","8.97","9.07","8.95","1274140.0","1347399936","1.33","-0.77","-0.07","0.66"
"000001","平安银行","101","1","2024-03-28","8.95","8.93","9.01","8.82","1302190.0","1362979968","2.12","-0.45","-0.04","0.67"
"000001","平安银行","101","1","2024-03-29","8.89","8.96","9.01","8.87","872759.0","917331968","1.57","0.34","0.03","0.45"
"000001","平安银行","101","1","2024-04-01","8.96","9.08","9.09","8.95","1191090.0","1261769984","1.56","1.34","0.12","0.61"
"000001","平安银行","101","1","2024-04-02","9.07","8.99","9.12","8.97","1085460.0","1149699968","1.65","-0.99","-0.09","0.56"
"000001","平安银行","101","1","2024-04-03","8.97","8.9","8.99","8.86","981846.0","1028649984","1.45","-1.0","-0.09","0.51"
"000001","平安银行","101","1","2024-04-08","8.86","8.87","8.93","8.81","906361.0","945289984","1.35","-0.34","-0.03","0.47"
"000001","平安银行","101","1","2024-04-09","8.87","8.84","8.91","8.8","857157.0","891468992","1.24","-0.34","-0.03","0.44"
"000001","平安银行","101","1","2024-04-10","8.82","8.72","8.85","8.71","1246390.0","1288700032","1.58","-1.36","-0.12","0.64"
"000001","平安银行","101","1","2024-04-11","8.68","8.69","8.73","8.56","1010210.0","1030819968","1.95","-0.34","-0.03","0.52"
"000001","平安银行","101","1","2024-04-12","8.66","8.5","8.71","8.48","1305450.0","1322009984","2.65","-2.19","-0.19","0.67"
"000001","平安银行","101","1","2024-04-15","8.51","8.73","8.76","8.5","1453200.0","1486329984","3.06","2.71","0.23","0.75"
"000001","平安银行","101","1","2024-04-16","8.72","8.72","8.83","8.66","1478040.0","1523139968","1.95","-0.11","-0.01","0.76"
"000001","平安银行","101","1","2024-04-17","8.7","9.06","9.07","8.65","2232640.0","2337580032","4.82","3.9","0.34","1.15"
"000001","平安银行","101","1","2024-04-18","9.02","9.24","9.47","9.0","3165910.0","3427340032","5.19","1.99","0.18","1.63"
"000001","平安银行","101","1","2024-04-19","9.15","9.13","9.26","9.1","1457680.0","1562380032","1.73","-1.19","-0.11","0.75"
"000001","平安银行","101","1","2024-04-22","9.08","8.94","9.25","8.89","2009820.0","2125720064","3.94","-2.08","-0.19","1.04"
"000001","平安银行","101","1","2024-04-23","8.95","8.98","9.09","8.9","1240030.0","1308870016","2.13","0.45","0.04","0.64"
"000001","平安银行","101","1","2024-04-24","8.96","8.97","9.01","8.9","941568.0","989094016","1.22","-0.11","-0.01","0.49"
"000001","平安银行","101","1","2024-04-25","8.94","9.05","9.06","8.92","1113810.0","1176300032","1.56","0.89","0.08","0.57"
"000001","平安银行","101","1","2024-04-26","9.03","9.04","9.11","8.92","1607630.0","1698579968","2.1","-0.11","-0.01","0.83"
"000001","平安银行","101","1","2024-04-29","9.0","9.25","9.34","8.96","2169180.0","2337349888","4.2","2.32","0.21","1.12"
"000001","平安银行","101","1","2024-04-30","9.24","9.23","9.32","9.17","1324560.0","1431410048","1.62","-0.22","-0.02","0.68"
"000001","平安银行","101","1","2024-05-06","9.4","9.33","9.55","9.28","1784100.0","1953820032","2.93","1.08","0.1","0.92"
"000001","平安银行","101","1","2024-05-07","9.31","9.32","9.33","9.2","1087060.0","1176790016","1.39","-0.11","-0.01","0.56"
"000001","平安银行","101","1","2024-05-08","9.28","9.17","9.32","9.15","1221790.0","1318610048","1.82","-1.61","-0.15","0.63"
"000001","平安银行","101","1","2024-05-09","9.15","9.2","9.26","9.15","1069460.0","1150729984","1.2","0.33","0.03","0.55"
"000001","平安银行","101","1","2024-05-10","9.21","9.38","9.4","9.2","1767840.0","1923449984","2.17","1.96","0.18","0.91"
"000001","平安银行","101","1","2024-05-13","9.34","9.41","9.45","9.25","1402500.0","1530060032","2.13","0.32","0.03","0.72"
"000001","平安银行","101","1","2024-05-14","9.44","9.35","9.5","9.32","1075780.0","1176579968","1.91","-0.64","-0.06","0.55"
"000001","平安银行","101","1","2024-05-15","9.34","9.27","9.36","9.25","868297.0","942908032","1.18","-0.86","-0.08","0.45"
"000001","平安银行","101","1","2024-05-16","9.29","9.61","9.65","9.27","3076290.0","3410149888","4.1","3.67","0.34","1.59"
"000001","平安银行","101","1","2024-05-17","9.62","9.86","9.86","9.57","2841750.0","3200740096","3.02","2.6","0.25","1.46"
"000001","平安银行","101","1","2024-05-20","9.87","9.82","9.97","9.75","2170210.0","2475290112","2.23","-0.41","-0.04","1.12"
"000001","平安银行","101","1","2024-05-21","9.76","9.99","10.06","9.75","2030050.0","2336189952","3.16","1.73","0.17","1.05"
"000001","平安银行","101","1","2024-05-22","10.0","10.0","10.18","9.9","2115530.0","2458449920","2.8","0.1","0.01","1.09"
"000001","平安银行","101","1","2024-05-23","9.97","9.84","10.03","9.81","1841620.0","2110800000","2.2","-1.6","-0.16","0.95"
"000001","平安银行","101","1","2024-05-24","9.81","9.75","9.93","9.74","1398280.0","1593330048","1.93","-0.91","-0.09","0.72"
"000001","平安银行","101","1","2024-05-27","9.75","9.95","9.97","9.75","1454360.0","1663270016","2.26","2.05","0.2","0.75"
"000001","平安银行","101","1","2024-05-28","9.94","9.84","10.02","9.8","1204320.0","1377110016","2.21","-1.11","-0.11","0.62"
"000001","平安银行","101","1","2024-05-29","9.82","9.7","9.89","9.67","1444810.0","1635449984","2.24","-1.42","-0.14","0.74"
"000001","平安银行","101","1","2024-05-30","9.68","9.56","9.78","9.5","1325500.0","1481609984","2.89","-1.44","-0.14","0.68"
"000001","平安银行","101","1","2024-05-31","9.58","9.55","9.63","9.55","826707.0","921248000","0.84","-0.1","-0.01","0.43"
"000001","平安银行","101","1","2024-06-03","9.56","9.42","9.57","9.35","1326700.0","1456089984","2.3","-1.36","-0.13","0.68"
"000001","平安银行","101","1","2024-06-04","9.39","9.46","9.49","9.35","981005.0","1079360000","1.49","0.42","0.04","0.51"
"000001","平安银行","101","1","2024-06-05","9.48","9.31","9.51","9.31","1018970.0","1114160000","2.11","-1.59","-0.15","0.53"
"000001","平安银行","101","1","2024-06-06","9.34","9.34","9.42","9.32","1049330.0","1145990016","1.07","0.32","0.03","0.54"
"000001","平安银行","101","1","2024-06-07","9.36","9.43","9.45","9.33","1170130.0","1281660032","1.28","0.96","0.09","0.6"
"000001","平安银行","101","1","2024-06-11","9.42","9.31","9.46","9.23","1337630.0","1452839936","2.44","-1.27","-0.12","0.69"
"000001","平安银行","101","1","2024-06-12","9.29","9.32","9.35","9.22","957426.0","1037929984","1.4","0.11","0.01","0.49"
"000001","平安银行","101","1","2024-06-13","9.33","9.24","9.37","9.24","1203510.0","1304400000","1.39","-0.86","-0.08","0.62"
"000001","平安银行","101","1","2024-06-14","9.31","9.34","9.39","9.15","1637990.0","1657430016","2.6","1.08","0.1","0.84"
"000001","平安银行","101","1","2024-06-17","9.29","9.26","9.32","9.24","681217.0","688670016","0.86","-0.86","-0.08","0.35"
"000001","平安银行","101","1","2024-06-18","9.27","9.24","9.32","9.2","700653.0","707828992","1.3","-0.22","-0.02","0.36"
"000001","平安银行","101","1","2024-06-19","9.26","9.31","9.37","9.24","796184.0","807676032","1.41","0.76","0.07","0.41"
"000001","平安银行","101","1","2024-06-20","9.32","9.21","9.33","9.21","629628.0","635070016","1.29","-1.07","-0.1","0.32"
"000001","平安银行","101","1","2024-06-21","9.21","9.16","9.25","9.11","830545.0","831177024","1.52","-0.54","-0.05","0.43"
"000001","平安银行","101","1","2024-06-24","9.13","9.14","9.23","9.04","947082.0","944907008","2.07","-0.22","-0.02","0.49"
"000001","平安银行","101","1","2024-06-25","9.15","9.24","9.29","9.14","769993.0","775331968","1.64","1.09","0.1","0.4"
"000001","平安银行","101","1","2024-06-26","9.22","9.24","9.29","9.18","628599.0","633763968","1.19","0.0","0.0","0.32"
"000001","平安银行","101","1","2024-06-27","9.22","9.29","9.37","9.16","928882.0","938953984","2.27","0.54","0.05","0.48"
"000001","平安银行","101","1","2024-06-28","9.26","9.31","9.42","9.25","918090.0","933948032","1.83","0.22","0.02","0.47"
"000001","平安银行","101","1","2024-07-01","9.25","9.51","9.51","9.2","1343050.0","1372550016","3.33","2.15","0.2","0.69"
"000001","平安银行","101","1","2024-07-02","9.46","9.56","9.64","9.44","1384390.0","1440860032","2.1","0.53","0.05","0.71"
"000001","平安银行","101","1","2024-07-03","9.56","9.47","9.59","9.45","713067.0","737326016","1.46","-0.94","-0.09","0.37"
"000001","平安银行","101","1","2024-07-04","9.46","9.42","9.54","9.41","735044.0","757464000","1.37","-0.53","-0.05","0.38"
"000001","平安银行","101","1","2024-07-05","9.42","9.13","9.45","9.08","1713350.0","1721260032","3.93","-3.08","-0.29","0.88"
"000001","平安银行","101","1","2024-07-08","9.1","9.09","9.18","9.01","868660.0","864792000","1.86","-0.44","-0.04","0.45"
"000001","平安银行","101","1","2024-07-09","9.1","9.23","9.26","9.07","1032480.0","1034320000","2.09","1.54","0.14","0.53"
"000001","平安银行","101","1","2024-07-10","9.23","9.3","9.36","9.21","873865.0","886627008","1.63","0.76","0.07","0.45"
"000001","平安银行","101","1","2024-07-11","9.37","9.29","9.39","9.23","721392.0","731788992","1.72","-0.11","-0.01","0.37"
"000001","平安银行","101","1","2024-07-12","9.28","9.47","9.47","9.28","1214160.0","1246880000","2.05","1.94","0.18","0.63"
"000001","平安银行","101","1","2024-07-15","9.47","9.49","9.51","9.42","869412.0","896976000","0.95","0.21","0.02","0.45"
"000001","平安银行","101","1","2024-07-16","9.49","9.46","9.53","9.4","943008.0","971564992","1.37","-0.32","-0.03","0.49"
"000001","平安银行","101","1","2024-07-17","9.46","9.56","9.58","9.44","1220170.0","1266409984","1.48","1.06","0.1","0.63"
"000001","平安银行","101","1","2024-07-18","9.54","9.57","9.59","9.46","1087060.0","1127369984","1.36","0.1","0.01","0.56"
"000001","平安银行","101","1","2024-07-19","9.54","9.53","9.58","9.45","898723.0","929723008","1.36","-0.42","-0.04","0.46"
"000001","平安银行","101","1","2024-07-22","9.52","9.39","9.54","9.35","994481.0","1018659968","1.99","-1.47","-0.14","0.51"
"000001","平安银行","101","1","2024-07-23","9.41","9.34","9.49","9.32","1020150.0","1046990016","1.81","-0.53","-0.05","0.53"
"000001","平安银行","101","1","2024-07-24","9.34","9.29","9.4","9.28","724518.0","736332992","1.28","-0.54","-0.05","0.37"
"000001","平安银行","101","1","2024-07-25","9.28","9.25","9.31","9.16","856404.0","861750016","1.61","-0.43","-0.04","0.44"
"000001","平安银行","101","1","2024-07-26","9.26","9.19","9.28","9.13","929552.0","931880000","1.62","-0.65","-0.06","0.48"
"000001","平安银行","101","1","2024-07-29","9.18","9.27","9.3","9.13","781552.0","788019008","1.85","0.87","0.08","0.4"
"000001","平安银行","101","1","2024-07-30","9.26","9.24","9.29","9.19","613268.0","618057024","1.08","-0.32","-0.03","0.32"
"000001","平安银行","101","1","2024-07-31","9.24","9.43","9.44","9.23","1096910.0","1117769984","2.27","2.06","0.19","0.57"
"000001","平安银行","101","1","2024-08-01","9.41","9.43","9.48","9.33","733884.0","752688000","1.59","0.0","0.0","0.38"
"000001","平安银行","101","1","2024-08-02","9.38","9.3","9.41","9.29","590229.0","601172992","1.27","-1.38","-0.13","0.3"
"000001","平安银行","101","1","2024-08-05","9.27","9.21","9.38","9.21","758979.0","768980992","1.83","-0.97","-0.09","0.39"
"000001","平安银行","101","1","2024-08-06","9.23","9.09","9.28","9.05","1265540.0","1262000000","2.5","-1.3","-0.12","0.65"
"000001","平安银行","101","1","2024-08-07","9.11","9.09","9.14","9.07","517608.0","514848992","0.77","0.0","0.0","0.27"
"000001","平安银行","101","1","2024-08-08","9.08","9.1","9.14","9.06","500411.0","497548000","0.88","0.11","0.01","0.26"
"000001","平安银行","101","1","2024-08-09","9.12","9.2","9.26","9.1","730274.0","732886016","1.76","1.1","0.1","0.38"
"000001","平安银行","101","1","2024-08-12","9.18","9.17","9.21","9.14","353013.0","353251008","0.76","-0.33","-0.03","0.18"
"000001","平安银行","101","1","2024-08-13","9.18","9.11","9.19","9.08","622077.0","620062016","1.2","-0.65","-0.06","0.32"
"000001","平安银行","101","1","2024-08-14","9.1","9.08","9.14","9.07","436380.0","433380000","0.77","-0.33","-0.03","0.22"
"000001","平安银行","101","1","2024-08-15","9.08","9.19","9.22","9.03","776247.0","775851008","2.09","1.21","0.11","0.4"
"000001","平安银行","101","1","2024-08-16","9.24","9.29","9.37","9.21","1260370.0","1277040000","1.74","1.09","0.1","0.65"
"000001","平安银行","101","1","2024-08-19","9.29","9.45","9.46","9.28","1482980.0","1520589952","1.94","1.72","0.16","0.76"
"000001","平安银行","101","1","2024-08-20","9.48","9.5","9.59","9.44","1569190.0","1623149952","1.59","0.53","0.05","0.81"
"000001","平安银行","101","1","2024-08-21","9.46","9.51","9.54","9.37","1034890.0","1068209984","1.79","0.11","0.01","0.53"
"000001","平安银行","101","1","2024-08-22","9.5","9.54","9.61","9.48","1109030.0","1153869952","1.37","0.32","0.03","0.57"
"000001","平安银行","101","1","2024-08-23","9.55","9.63","9.66","9.48","1071910.0","1117479936","1.89","0.94","0.09","0.55"
"000001","平安银行","101","1","2024-08-26","9.66","9.65","9.71","9.58","740675.0","775921984","1.35","0.21","0.02","0.38"
"000001","平安银行","101","1","2024-08-27","9.63","9.59","9.68","9.53","723137.0","755584000","1.55","-0.62","-0.06","0.37"
"000001","平安银行","101","1","2024-08-28","9.57","9.49","9.59","9.44","942548.0","973872000","1.56","-1.04","-0.1","0.49"
"000001","平安银行","101","1","2024-08-29","9.47","9.29","9.54","9.27","1197680.0","1221350016","2.85","-2.11","-0.2","0.62"
"000001","平安银行","101","1","2024-08-30","9.27","9.32","9.42","9.27","1294060.0","1318860032","1.61","0.32","0.03","0.67"
"000001","平安银行","101","1","2024-09-02","9.28","9.27","9.37","9.25","968836.0","983899008","1.29","-0.54","-0.05","0.5"
"000001","平安银行","101","1","2024-09-03","9.27","9.24","9.29","9.16","916581.0","920884992","1.4","-0.32","-0.03","0.47"
"000001","平安银行","101","1","2024-09-04","9.21","9.18","9.31","9.16","847992.0","852225024","1.62","-0.65","-0.06","0.44"
"000001","平安银行","101","1","2024-09-05","9.19","9.23","9.24","9.14","594209.0","595846016","1.09","0.54","0.05","0.31"
"000001","平安银行","101","1","2024-09-06","9.22","9.24","9.37","9.21","878865.0","891507968","1.73","0.11","0.01","0.45"
"000001","平安银行","101","1","2024-09-09","9.21","9.01","9.23","9.0","1639180.0","1624860032","2.49","-2.49","-0.23","0.84"
"000001","平安银行","101","1","2024-09-10","9.02","9.06","9.08","8.94","767901.0","756124992","1.55","0.55","0.05","0.4"
"000001","平安银行","101","1","2024-09-11","9.04","8.81","9.04","8.79","1108730.0","1078599936","2.76","-2.76","-0.25","0.57"
"000001","平安银行","101","1","2024-09-12","8.81","8.9","8.93","8.77","581834.0","564923008","1.82","1.02","0.09","0.3"
"000001","平安银行","101","1","2024-09-13","8.89","8.86","8.98","8.86","566462.0","553270016","1.35","-0.45","-0.04","0.29"
"000001","平安银行","101","1","2024-09-18","8.88","8.93","8.94","8.82","443611.0","431665984","1.35","0.79","0.07","0.23"
"000001","平安银行","101","1","2024-09-19","8.95","8.97","9.0","8.84","684293.0","669340992","1.79","0.45","0.04","0.35"
"000001","平安银行","101","1","2024-09-20","8.97","9.06","9.06","8.94","797297.0","785121024","1.34","1.0","0.09","0.41"
"000001","平安银行","101","1","2024-09-23","9.05","9.2","9.25","9.03","896908.0","897427968","2.43","1.55","0.14","0.46"
"000001","平安银行","101","1","2024-09-24","9.27","9.53","9.53","9.24","1638210.0","1678169984","3.15","3.59","0.33","0.84"
"000001","平安银行","101","1","2024-09-25","9.68","9.66","9.86","9.61","2160690.0","2286000128","2.62","1.36","0.13","1.11"
"000001","平安银行","101","1","2024-09-26","9.66","10.31","10.31","9.66","3086460.0","3341760000","6.73","6.73","0.65","1.59"
"000001","平安银行","101","1","2024-09-27","10.51","10.58","10.72","10.19","3840020.0","4337990144","5.14","2.62","0.27","1.98"
"000001","平安银行","101","1","2024-09-30","10.78","11.37","11.46","10.72","5430280.0","6467440128","6.99","7.47","0.79","2.8"
"000001","平安银行","101","1","2024-10-08","12.59","12.04","12.59","11.5","5888980.0","7602659840","9.59","5.89","0.67","3.03"
"000001","平安银行","101","1","2024-10-09","11.79","10.84","11.79","10.82","4269340.0","5172049920","8.06","-9.97","-1.2","2.2"
"000001","平安银行","101","1","2024-10-10","11.02","11.38","11.66","11.0","3426420.0","4095569920","6.09","4.98","0.54","1.77"
"000001","平安银行","101","1","2024-10-11","11.4","11.12","11.57","10.98","2070890.0","2455849984","5.18","-2.28","-0.26","1.07"
"000001","平安银行","101","1","2024-10-14","11.38","11.42","11.58","11.19","2400600.0","2881929984","3.51","2.7","0.3","1.24"
"000001","平安银行","101","1","2024-10-15","11.34","11.3","11.63","11.28","2072840.0","2500969984","3.06","-1.05","-0.12","1.07"
"000001","平安银行","101","1","2024-10-16","11.2","11.46","11.58","11.17","1914490.0","2301339904","3.63","1.42","0.16","0.99"
"000001","平安银行","101","1","2024-10-17","11.47","11.35","11.63","11.33","1653710.0","1993260032","2.62","-0.96","-0.11","0.85"
"000001","平安银行","101","1","2024-10-18","11.31","11.44","11.58","11.08","2604650.0","3105819904","4.41","0.79","0.09","1.34"
"000001","平安银行","101","1","2024-10-21","11.34","11.21","11.34","11.03","2806660.0","3302020096","2.71","-2.01","-0.23","1.45"
"000001","平安银行","101","1","2024-10-22","11.16","11.19","11.33","11.12","1617790.0","1908440064","1.87","-0.18","-0.02","0.83"
"000001","平安银行","101","1","2024-10-23","11.22","11.26","11.29","11.15","1511870.0","1787239936","1.25","0.63","0.07","0.78"
"000001","平安银行","101","1","2024-10-24","11.21","11.15","11.26","11.12","885299.0","1042819968","1.24","-0.98","-0.11","0.46"
"000001","平安银行","101","1","2024-10-25","11.17","11.11","11.18","11.09","1105760.0","1296839936","0.81","-0.36","-0.04","0.57"
"000001","平安银行","101","1","2024-10-28","11.08","11.04","11.08","10.93","1169490.0","1356009984","1.35","-0.63","-0.07","0.6"
"000001","平安银行","101","1","2024-10-29","11.02","10.94","11.14","10.93","1198020.0","1391149952","1.9","-0.91","-0.1","0.62"
"000001","平安银行","101","1","2024-10-30","10.9","10.72","10.98","10.67","1482400.0","1686499968","2.83","-2.01","-0.22","0.76"
"000001","平安银行","101","1","2024-10-31","10.73","10.78","10.84","10.64","1250200.0","1419619968","1.87","0.56","0.06","0.64"
"000001","平安银行","101","1","2024-11-01","10.78","10.83","10.95","10.74","1589810.0","1821420032","1.95","0.46","0.05","0.82"
"000001","平安银行","101","1","2024-11-04","10.83","10.86","10.86","10.66","1131520.0","1285869952","1.85","0.28","0.03","0.58"
"000001","平安银行","101","1","2024-11-05","10.82","11.05","11.06","10.79","1665420.0","1925260032","2.49","1.75","0.19","0.86"
"000001","平安银行","101","1","2024-11-06","11.02","10.95","11.04","10.87","1462290.0","1689980032","1.54","-0.9","-0.1","0.75"
"000001","平安银行","101","1","2024-11-07","10.9","11.31","11.33","10.88","2242840.0","2627010048","4.11","3.29","0.36","1.16"
"000001","平安银行","101","1","2024-11-08","11.34","11.12","11.41","11.1","1895100.0","2239059968","2.74","-1.68","-0.19","0.98"
"000001","平安银行","101","1","2024-11-11","11.03","11.0","11.08","10.87","1486950.0","1717959936","1.89","-1.08","-0.12","0.77"
"000001","平安银行","101","1","2024-11-12","10.98","10.94","11.24","10.91","1717660.0","2005789952","3.0","-0.55","-0.06","0.89"
"000001","平安银行","101","1","2024-11-13","10.9","11.01","11.1","10.88","1086260.0","1260160000","2.01","0.64","0.07","0.56"
"000001","平安银行","101","1","2024-11-14","10.99","10.94","11.1","10.93","1159780.0","1348380032","1.54","-0.64","-0.07","0.6"
"000001","平安银行","101","1","2024-11-15","10.9","10.84","11.01","10.82","1215780.0","1399309952","1.74","-0.91","-0.1","0.63"
"000001","平安银行","101","1","2024-11-18","11.03","11.15","11.44","11.02","3797320.0","4493250048","3.87","2.86","0.31","1.96"
"000001","平安银行","101","1","2024-11-19","11.15","11.08","11.36","10.95","2430040.0","2849659904","3.68","-0.63","-0.07","1.25"
"000001","平安银行","101","1","2024-11-20","11.07","11.04","11.15","11.01","1286570.0","1498819968","1.26","-0.36","-0.04","0.66"
"000001","平安银行","101","1","2024-11-21","11.02","10.99","11.05","10.96","883408.0","1024000000","0.82","-0.45","-0.05","0.46"
"000001","平安银行","101","1","2024-11-22","10.99","10.68","11.01","10.68","1625320.0","1858070016","3.0","-2.82","-0.31","0.84"
"000001","平安银行","101","1","2024-11-25","10.68","10.58","10.74","10.54","1166020.0","1310130048","1.87","-0.94","-0.1","0.6"
"000001","平安银行","101","1","2024-11-26","10.58","10.67","10.71","10.54","831078.0","933734016","1.61","0.85","0.09","0.43"
"000001","平安银行","101","1","2024-11-27","10.64","10.79","10.79","10.55","895178.0","1010000000","2.25","1.12","0.12","0.46"
"000001","平安银行","101","1","2024-11-28","10.79","10.74","10.82","10.72","733169.0","833121024","0.93","-0.46","-0.05","0.38"
"000001","平安银行","101","1","2024-11-29","10.77","10.78","10.86","10.74","1028490.0","1173319936","1.12","0.37","0.04","0.53"
"000001","平安银行","101","1","2024-12-02","10.79","10.79","10.8","10.71","975434.0","1108790016","0.83","0.09","0.01","0.5"
"000001","平安银行","101","1","2024-12-03","10.77","10.89","10.9","10.75","1082560.0","1236989952","1.39","0.93","0.1","0.56"
"000001","平安银行","101","1","2024-12-04","10.84","10.86","10.93","10.77","1007470.0","1154620032","1.47","-0.28","-0.03","0.52"
"000001","平安银行","101","1","2024-12-05","10.84","10.84","10.9","10.81","687109.0","786137984","0.83","-0.18","-0.02","0.35"
"000001","平安银行","101","1","2024-12-06","10.84","11.06","11.1","10.83","1726270.0","2004269952","2.49","2.03","0.22","0.89"
"000001","平安银行","101","1","2024-12-09","11.03","11.07","11.12","10.99","964063.0","1123440000","1.18","0.09","0.01","0.5"
"000001","平安银行","101","1","2024-12-10","11.3","11.19","11.35","11.15","2167810.0","2564600064","1.81","1.08","0.12","1.12"
"000001","平安银行","101","1","2024-12-11","11.19","11.13","11.23","11.12","967691.0","1138370048","0.98","-0.54","-0.06","0.5"
"000001","平安银行","101","1","2024-12-12","11.13","11.25","11.27","11.11","986235.0","1164060032","1.44","1.08","0.12","0.51"
"000001","平安银行","101","1","2024-12-13","11.19","10.96","11.2","10.96","1343790.0","1565590016","2.13","-2.58","-0.29","0.69"
"000001","平安银行","101","1","2024-12-16","10.96","10.97","11.06","10.93","805718.0","934225984","1.19","0.09","0.01","0.42"
"000001","平安银行","101","1","2024-12-17","10.97","10.93","11.05","10.92","802120.0","929225024","1.19","-0.36","-0.04","0.41"
"000001","平安银行","101","1","2024-12-18","10.98","11.05","11.14","10.97","1016590.0","1186290048","1.56","1.1","0.12","0.52"
"000001","平安银行","101","1","2024-12-19","10.99","10.99","11.04","10.94","697379.0","808465984","0.9","-0.54","-0.06","0.36"
"000001","平安银行","101","1","2024-12-20","10.99","11.02","11.1","10.98","714646.0","831436992","1.09","0.27","0.03","0.37"
"000001","平安银行","101","1","2024-12-23","11.04","11.13","11.24","11.04","1659400.0","1953520000","1.81","1.0","0.11","0.86"
"000001","平安银行","101","1","2024-12-24","11.12","11.26","11.27","11.12","1350840.0","1595699968","1.35","1.17","0.13","0.7"
"000001","平安银行","101","1","2024-12-25","11.26","11.32","11.42","11.24","1475280.0","1759960064","1.6","0.53","0.06","0.76"
"000001","平安银行","101","1","2024-12-26","11.32","11.26","11.33","11.18","1000080.0","1183750016","1.33","-0.53","-0.06","0.52"
"000001","平安银行","101","1","2024-12-27","11.27","11.23","11.3","11.06","1290010.0","1518380032","2.13","-0.27","-0.03","0.66"
"000001","平安银行","101","1","2024-12-30","11.18","11.35","11.37","11.18","1351850.0","1610889984","1.69","1.07","0.12","0.7"
"000001","平安银行","101","1","2024-12-31","11.33","11.1","11.39","11.1","1475370.0","1747239936","2.56","-2.2","-0.25","0.76"
"000002","万  科Ａ","101","1","2024-01-02","10.44","10.15","10.48","10.15","811106.0","830766016","3.15","-2.96","-0.31","0.83"
"000002","万  科Ａ","101","1","2024-01-03","10.15","10.13","10.23","10.04","610921.0","618688000","1.87","-0.2","-0.02","0.63"
"000002","万  科Ａ","101","1","2024-01-04","10.1","9.93","10.11","9.89","851919.0","847123968","2.17","-1.97","-0.2","0.88"
"000002","万  科Ａ","101","1","2024-01-05","9.92","9.99","10.13","9.88","739604.0","741465984","2.52","0.6","0.06","0.76"
"000002","万  科Ａ","101","1","2024-01-08","10.03","9.82","10.11","9.81","658007.0","652931968","3.0","-1.7","-0.17","0.68"
"000002","万  科Ａ","101","1","2024-01-09","9.83","9.88","9.98","9.73","530900.0","523366016","2.55","0.61","0.06","0.55"
"000002","万  科Ａ","101","1","2024-01-10","9.85","9.74","9.88","9.72","608315.0","595513024","1.62","-1.42","-0.14","0.63"
"000002","万  科Ａ","101","1","2024-01-11","9.73","9.76","9.81","9.62","731623.0","710953024","1.95","0.21","0.02","0.75"
"000002","万  科Ａ","101","1","2024-01-12","9.7","9.7","9.87","9.66","718737.0","701755008","2.15","-0.61","-0.06","0.74"
"000002","万  科Ａ","101","1","2024-01-15","9.62","9.71","9.78","9.44","785606.0","756259008","3.51","0.1","0.01","0.81"
"000002","万  科Ａ","101","1","2024-01-16","9.67","9.61","9.7","9.48","659467.0","632545984","2.27","-1.03","-0.1","0.68"
"000002","万  科Ａ","101","1","2024-01-17","9.57","9.34","9.57","9.31","795634.0","748620032","2.71","-2.81","-0.27","0.82"
"000002","万  科Ａ","101","1","2024-01-18","9.29","9.4","9.41","9.13","893507.0","828888000","3.0","0.64","0.06","0.92"
"000002","万  科Ａ","101","1","2024-01-19","9.31","9.41","9.45","9.27","609297.0","572148992","1.91","0.11","0.01","0.63"
"000002","万  科Ａ","101","1","2024-01-22","9.27","9.05","9.3","9.0","937345.0","859889024","3.19","-3.83","-0.36","0.96"
"000002","万  科Ａ","101","1","2024-01-23","9.0","9.18","9.21","8.93","781749.0","711070016","3.09","1.44","0.13","0.8"
"000002","万  科Ａ","101","1","2024-01-24","9.23","9.41","9.44","9.1","844242.0","784494976","3.7","2.51","0.23","0.87"
"000002","万  科Ａ","101","1","2024-01-25","9.46","9.96","9.97","9.42","1512860.0","1473849984","5.84","5.84","0.55","1.56"
"000002","万  科Ａ","101","1","2024-01-26","9.95","10.2","10.35","9.9","1621420.0","1649469952","4.52","2.41","0.24","1.67"
"000002","万  科Ａ","101","1","2024-01-29","10.41","10.06","10.45","10.06","1145300.0","1167010048","3.82","-1.37","-0.14","1.18"
"000002","万  科Ａ","101","1","2024-01-30","10.0","9.79","10.05","9.79","797927.0","790364992","2.58","-2.68","-0.27","0.82"
"000002","万  科Ａ","101","1","2024-01-31","9.77","9.6","9.85","9.56","674789.0","652726976","2.96","-1.94","-0.19","0.69"
"000002","万  科Ａ","101","1","2024-02-01","9.53","9.44","9.66","9.42","627860.0","598049024","2.5","-1.67","-0.16","0.65"
"000002","万  科Ａ","101","1","2024-02-02","9.45","9.49","9.83","9.17","912154.0","869057984","6.99","0.53","0.05","0.94"
"000002","万  科Ａ","101","1","2024-02-05","9.38","9.18","9.44","9.03","1005140.0","928648000","4.32","-3.27","-0.31","1.03"
"000002","万  科Ａ","101","1","2024-02-06","9.15","9.51","9.56","9.08","1080200.0","1009329984","5.23","3.59","0.33","1.11"
"000002","万  科Ａ","101","1","2024-02-07","9.51","9.52","9.63","9.42","1155530.0","1098889984","2.21","0.11","0.01","1.19"
"000002","万  科Ａ","101","1","2024-02-08","9.66","10.06","10.08","9.61","1346290.0","1328240000","4.94","5.67","0.54","1.39"
"000002","万  科Ａ","101","1","2024-02-19","10.09","9.84","10.1","9.67","1356870.0","1329350016","4.27","-2.19","-0.22","1.4"
"000002","万  科Ａ","101","1","2024-02-20","9.9","9.9","10.02","9.78","908516.0","897980992","2.44","0.61","0.06","0.93"
"000002","万  科Ａ","101","1","2024-02-21","9.78","10.21","10.49","9.69","1834890.0","1865479936","8.08","3.13","0.31","1.89"
"000002","万  科Ａ","101","1","2024-02-22","10.12","10.15","10.24","10.04","923217.0","934646976","1.96","-0.59","-0.06","0.95"
"000002","万  科Ａ","101","1","2024-02-23","10.16","10.2","10.25","10.11","945695.0","962524992","1.38","0.49","0.05","0.97"
"000002","万  科Ａ","101","1","2024-02-26","10.17","9.98","10.19","9.95","1105920.0","1108550016","2.35","-2.16","-0.22","1.14"
"000002","万  科Ａ","101","1","2024-02-27","9.94","10.06","10.07","9.9","838920.0","838638976","1.7","0.8","0.08","0.86"
"000002","万  科Ａ","101","1","2024-02-28","10.06","9.93","10.16","9.93","1232700.0","1239810048","2.29","-1.29","-0.13","1.27"
"000002","万  科Ａ","101","1","2024-02-29","9.85","10.04","10.04","9.84","1113840.0","1104649984","2.01","1.11","0.11","1.15"
"000002","万  科Ａ","101","1","2024-03-01","9.99","9.89","10.01","9.82","1092650.0","1082470016","1.89","-1.49","-0.15","1.12"
"000002","万  科Ａ","101","1","2024-03-04","9.7","9.43","9.7","9.38","2014190.0","1908540032","3.24","-4.65","-0.46","2.07"
"000002","万  科Ａ","101","1","2024-03-05","9.32","9.48","9.49","9.2","1605440.0","1501309952","3.08","0.53","0.05","1.65"
"000002","万  科Ａ","101","1","2024-03-06","9.39","9.33","9.45","9.27","1038600.0","971313984","1.9","-1.58","-0.15","1.07"
"000002","万  科Ａ","101","1","2024-03-07","9.31","9.21","9.37","9.21","1046600.0","971392000","1.71","-1.29","-0.12","1.08"
"000002","万  科Ａ","101","1","2024-03-08","9.21","9.18","9.24","9.09","1007480.0","921569984","1.63","-0.33","-0.03","1.04"
"000002","万  科Ａ","101","1","2024-03-11","9.29","9.46","9.46","9.23","1556540.0","1457929984","2.51","3.05","0.28","1.6"
"000002","万  科Ａ","101","1","2024-03-12","9.4","10.0","10.2","9.36","3324020.0","3258860032","8.88","5.71","0.54","3.42"
"000002","万  科Ａ","101","1","2024-03-13","9.83","9.69","9.87","9.66","1936000.0","1886150016","2.1","-3.1","-0.31","1.99"
"000002","万  科Ａ","101","1","2024-03-14","9.64","9.71","9.86","9.6","1381990.0","1343779968","2.68","0.21","0.02","1.42"
"000002","万  科Ａ","101","1","2024-03-15","9.62","9.47","9.71","9.4","1446180.0","1371559936","3.19","-2.47","-0.24","1.49"
"000002","万  科Ａ","101","1","2024-03-18","9.46","9.44","9.46","9.32","1138580.0","1068190016","1.48","-0.32","-0.03","1.17"
"000002","万  科Ａ","101","1","2024-03-19","9.39","9.33","9.43","9.32","962478.0","901174016","1.17","-1.17","-0.11","0.99"
"000002","万  科Ａ","101","1","2024-03-20","9.3","9.36","9.38","9.26","732955.0","683305024","1.29","0.32","0.03","0.75"
"000002","万  科Ａ","101","1","2024-03-21","9.36","9.4","9.52","9.34","1157670.0","1092720000","1.92","0.43","0.04","1.19"
"000002","万  科Ａ","101","1","2024-03-22","9.36","9.26","9.37","9.17","1031190.0","953270976","2.13","-1.49","-0.14","1.06"
"000002","万  科Ａ","101","1","2024-03-25","9.28","9.34","9.49","9.18","1209350.0","1129289984","3.35","0.86","0.08","1.24"
"000002","万  科Ａ","101","1","2024-03-26","9.33","9.46","9.52","9.3","1177540.0","1108889984","2.36","1.28","0.12","1.21"
"000002","万  科Ａ","101","1","2024-03-27","9.42","9.21","9.43","9.2","915095.0","850076032","2.43","-2.64","-0.25","0.94"
"000002","万  科Ａ","101","1","2024-03-28","9.18","9.24","9.32","9.17","671161.0","621065984","1.63","0.33","0.03","0.69"
"000002","万  科Ａ","101","1","2024-03-29","8.96","9.0","9.1","8.89","1481700.0","1329609984","2.27","-2.6","-0.24","1.52"
"000002","万  科Ａ","101","1","2024-04-01","8.94","8.98","9.12","8.92","1438310.0","1291680000","2.22","-0.22","-0.02","1.48"
"000002","万  科Ａ","101","1","2024-04-02","8.9","8.5","8.91","8.45","2930950.0","2516000000","5.12","-5.35","-0.48","3.02"
"000002","万  科Ａ","101","1","2024-04-03","8.4","8.19","8.43","8.19","1959390.0","1622200064","2.82","-3.65","-0.31","2.02"
"000002","万  科Ａ","101","1","2024-04-08","8.05","8.0","8.1","7.98","1520380.0","1221319936","1.47","-2.32","-0.19","1.56"
"000002","万  科Ａ","101","1","2024-04-09","8.0","7.99","8.06","7.92","1091810.0","870697984","1.75","-0.13","-0.01","1.12"
"000002","万  科Ａ","101","1","2024-04-10","7.98","7.58","7.98","7.48","2472000.0","1898089984","6.26","-5.13","-0.41","2.54"
"000002","万  科Ａ","101","1","2024-04-11","7.42","7.44","7.51","7.31","1750990.0","1298400000","2.64","-1.85","-0.14","1.8"
"000002","万  科Ａ","101","1","2024-04-12","7.36","7.1","7.43","7.09","2352430.0","1693170048","4.57","-4.57","-0.34","2.42"
"000002","万  科Ａ","101","1","2024-04-15","7.02","7.14","7.3","7.0","1789180.0","1284790016","4.23","0.56","0.04","1.84"
"000002","万  科Ａ","101","1","2024-04-16","7.09","7.07","7.25","6.91","2156640.0","1523100032","4.76","-0.98","-0.07","2.22"
"000002","万  科Ａ","101","1","2024-04-17","7.05","7.1","7.21","7.02","2431270.0","1726349952","2.69","0.42","0.03","2.5"
"000002","万  科Ａ","101","1","2024-04-18","7.02","6.88","7.05","6.87","3068860.0","2131650048","2.54","-3.1","-0.22","3.16"
"000002","万  科Ａ","101","1","2024-04-19","6.78","6.7","6.85","6.67","2253930.0","1519270016","2.62","-2.62","-0.18","2.32"
"000002","万  科Ａ","101","1","2024-04-22","6.67","6.69","6.85","6.63","1838420.0","1236160000","3.28","-0.15","-0.01","1.89"
"000002","万  科Ａ","101","1","2024-04-23","6.7","6.57","6.72","6.54","1794210.0","1186649984","2.69","-1.79","-0.12","1.85"
"000002","万  科Ａ","101","1","2024-04-24","6.59","6.54","6.61","6.48","1570540.0","1025030016","1.98","-0.46","-0.03","1.62"
"000002","万  科Ａ","101","1","2024-04-25","6.5","6.55","6.68","6.48","1921760.0","1263789952","3.06","0.15","0.01","1.98"
"000002","万  科Ａ","101","1","2024-04-26","6.56","6.87","6.88","6.45","4055360.0","2720039936","6.56","4.89","0.32","4.17"
"000002","万  科Ａ","101","1","2024-04-29","6.77","7.56","7.56","6.76","4944660.0","3593550080","11.64","10.04","0.69","5.09"
"000002","万  科Ａ","101","1","2024-04-30","7.7","7.41","7.79","7.35","6307980.0","4741700096","5.82","-1.98","-0.15","6.49"
"000002","万  科Ａ","101","1","2024-05-06","7.63","7.46","7.88","7.44","5244940.0","3996920064","5.94","0.67","0.05","5.4"
"000002","万  科Ａ","101","1","2024-05-07","7.36","7.52","7.68","7.32","4190290.0","3134400000","4.83","0.8","0.06","4.31"
"000002","万  科Ａ","101","1","2024-05-08","7.45","7.2","7.49","7.19","2758770.0","2011059968","3.99","-4.26","-0.32","2.84"
"000002","万  科Ａ","101","1","2024-05-09","7.24","7.3","7.51","7.18","3258850.0","2387599872","4.58","1.39","0.1","3.35"
"000002","万  科Ａ","101","1","2024-05-10","7.4","7.56","7.65","7.32","4441030.0","3327670016","4.52","3.56","0.26","4.57"
"000002","万  科Ａ","101","1","2024-05-13","7.43","7.42","7.49","7.33","2291680.0","1697410048","2.12","-1.85","-0.14","2.36"
"000002","万  科Ａ","101","1","2024-05-14","7.42","7.46","7.56","7.38","2287680.0","1708969984","2.43","0.54","0.04","2.35"
"000002","万  科Ａ","101","1","2024-05-15","7.41","7.73","7.98","7.39","4910560.0","3781690112","7.91","3.62","0.27","5.05"
"000002","万  科Ａ","101","1","2024-05-16","7.7","8.18","8.34","7.69","6635870.0","5380020224","8.41","5.82","0.45","6.83"
"000002","万  科Ａ","101","1","2024-05-17","8.33","9.0","9.0","8.0","9247180.0","7817269760","12.22","10.02","0.82","9.52"
"000002","万  科Ａ","101","1","2024-05-20","9.0","9.18","9.45","8.8","8809700.0","7992339968","7.22","2.0","0.18","9.07"
"000002","万  科Ａ","101","1","2024-05-21","9.0","9.19","9.33","8.93","4708290.0","4309700096","4.36","0.11","0.01","4.85"
"000002","万  科Ａ","101","1","2024-05-22","9.24","9.4","9.92","9.11","7193790.0","6822009856","8.81","2.29","0.21","7.4"
"000002","万  科Ａ","101","1","2024-05-23","9.23","9.56","9.56","9.1","6062270.0","5631549952","4.89","1.7","0.16","6.24"
"000002","万  科Ａ","101","1","2024-05-24","9.29","8.99","9.36","8.94","4808110.0","4382159872","4.39","-5.96","-0.57","4.95"
"000002","万  科Ａ","101","1","2024-05-27","8.82","8.87","8.89","8.68","3411720.0","2997850112","2.34","-1.33","-0.12","3.51"
"000002","万  科Ａ","101","1","2024-05-28","8.96","8.52","8.99","8.48","3859230.0","3349120000","5.75","-3.95","-0.35","3.97"
"000002","万  科Ａ","101","1","2024-05-29","8.53","8.58","8.84","8.5","2909450.0","2518230016","3.99","0.7","0.06","2.99"
"000002","万  科Ａ","101","1","2024-05-30","8.49","8.27","8.56","8.18","3216480.0","2670650112","4.43","-3.61","-0.31","3.31"
"000002","万  科Ａ","101","1","2024-05-31","8.35","8.25","8.44","8.15","2455020.0","2035350016","3.51","-0.24","-0.02","2.53"
"000002","万  科Ａ","101","1","2024-06-03","8.18","8.09","8.26","8.01","2166520.0","1752499968","3.03","-1.94","-0.16","2.23"
"000002","万  科Ａ","101","1","2024-06-04","8.08","8.36","8.47","7.97","3468690.0","2870820096","6.18","3.34","0.27","3.57"
"000002","万  科Ａ","101","1","2024-06-05","8.29","8.11","8.32","8.11","1891030.0","1544909952","2.51","-2.99","-0.25","1.95"
"000002","万  科Ａ","101","1","2024-06-06","8.2","8.02","8.3","7.93","1980540.0","1597580032","4.56","-1.11","-0.09","2.04"
"000002","万  科Ａ","101","1","2024-06-07","8.02","8.17","8.27","8.0","2326430.0","1896729984","3.37","1.87","0.15","2.39"
"000002","万  科Ａ","101","1","2024-06-11","8.08","8.01","8.24","7.91","1938260.0","1562640000","4.04","-1.96","-0.16","1.99"
"000002","万  科Ａ","101","1","2024-06-12","7.96","7.89","8.05","7.85","1900560.0","1505149952","2.5","-1.5","-0.12","1.96"
"000002","万  科Ａ","101","1","2024-06-13","7.95","7.71","7.97","7.68","2272700.0","1761959936","3.68","-2.28","-0.18","2.34"
"000002","万  科Ａ","101","1","2024-06-14","7.67","7.94","8.12","7.65","2762140.0","2181799936","6.1","2.98","0.23","2.84"
"000002","万  科Ａ","101","1","2024-06-17","7.82","7.65","7.89","7.62","2144250.0","1653410048","3.4","-3.65","-0.29","2.21"
"000002","万  科Ａ","101","1","2024-06-18","7.65","7.53","7.72","7.5","1769640.0","1343100032","2.88","-1.57","-0.12","1.82"
"000002","万  科Ａ","101","1","2024-06-19","7.53","7.47","7.58","7.43","1460030.0","1093590016","1.99","-0.8","-0.06","1.5"
"000002","万  科Ａ","101","1","2024-06-20","7.46","7.21","7.46","7.2","1820990.0","1326649984","3.48","-3.48","-0.26","1.87"
"000002","万  科Ａ","101","1","2024-06-21","7.23","7.19","7.34","7.16","1460900.0","1056480000","2.5","-0.28","-0.02","1.5"
"000002","万  科Ａ","101","1","2024-06-24","7.13","6.99","7.14","6.96","1534810.0","1077500032","2.5","-2.78","-0.2","1.58"
"000002","万  科Ａ","101","1","2024-06-25","6.99","7.11","7.27","6.96","2005850.0","1427600000","4.43","1.72","0.12","2.06"
"000002","万  科Ａ","101","1","2024-06-26","7.05","7.19","7.21","7.0","1341790.0","953998976","2.95","1.13","0.08","1.38"
"000002","万  科Ａ","101","1","2024-06-27","7.19","7.0","7.3","7.0","1511660.0","1074599936","4.17","-2.64","-0.19","1.56"
"000002","万  科Ａ","101","1","2024-06-28","6.95","6.93","7.13","6.91","1585790.0","1110429952","3.14","-1.0","-0.07","1.63"
"000002","万  科Ａ","101","1","2024-07-01","6.9","7.29","7.33","6.9","2655330.0","1911600000","6.2","5.19","0.36","2.73"
"000002","万  科Ａ","101","1","2024-07-02","7.24","7.13","7.35","7.1","1830020.0","1323849984","3.43","-2.19","-0.16","1.88"
"000002","万  科Ａ","101","1","2024-07-03","7.13","7.16","7.27","7.03","1623860.0","1166480000","3.37","0.42","0.03","1.67"
"000002","万  科Ａ","101","1","2024-07-04","7.12","6.94","7.14","6.94","1469400.0","1029320000","2.79","-3.07","-0.22","1.51"
"000002","万  科Ａ","101","1","2024-07-05","6.94","6.88","7.01","6.83","1170780.0","807585024","2.59","-0.86","-0.06","1.2"
"000002","万  科Ａ","101","1","2024-07-08","6.84","6.67","6.84","6.62","1535080.0","1027480000","3.2","-3.05","-0.21","1.58"
"000002","万  科Ａ","101","1","2024-07-09","6.66","6.71","6.77","6.56","1385600.0","925420992","3.15","0.6","0.04","1.43"
"000002","万  科Ａ","101","1","2024-07-10","6.45","6.65","6.73","6.32","1825180.0","1200579968","6.11","-0.89","-0.06","1.88"
"000002","万  科Ａ","101","1","2024-07-11","6.73","6.81","6.87","6.64","1497950.0","1014009984","3.46","2.41","0.16","1.54"
"000002","万  科Ａ","101","1","2024-07-12","6.88","6.95","7.15","6.85","2275360.0","1593420032","4.41","2.06","0.14","2.34"
"000002","万  科Ａ","101","1","2024-07-15","6.85","6.83","6.93","6.77","1167580.0","798121984","2.3","-1.73","-0.12","1.2"
"000002","万  科Ａ","101","1","2024-07-16","6.85","6.92","7.02","6.78","1352600.0","937244032","3.51","1.32","0.09","1.39"
"000002","万  科Ａ","101","1","2024-07-17","6.92","7.12","7.25","6.9","2200780.0","1572790016","5.06","2.89","0.2","2.26"
"000002","万  科Ａ","101","1","2024-07-18","7.12","7.14","7.14","6.98","1239650.0","875822016","2.25","0.28","0.02","1.28"
"000002","万  科Ａ","101","1","2024-07-19","7.08","7.06","7.1","6.91","1468850.0","1029470016","2.66","-1.12","-0.08","1.51"
"000002","万  科Ａ","101","1","2024-07-22","7.09","6.98","7.12","6.92","1031930.0","720638016","2.83","-1.13","-0.08","1.06"
"000002","万  科Ａ","101","1","2024-07-23","6.98","6.85","7.07","6.84","974233.0","679283968","3.3","-1.86","-0.13","1.0"
"000002","万  科Ａ","101","1","2024-07-24","6.84","6.65","6.92","6.64","1153490.0","776955008","4.09","-2.92","-0.2","1.19"
"000002","万  科Ａ","101","1","2024-07-25","6.64","6.7","6.79","6.59","817450.0","549268992","3.01","0.75","0.05","0.84"
"000002","万  科Ａ","101","1","2024-07-26","6.72","6.84","6.95","6.72","928799.0","635233984","3.43","2.09","0.14","0.96"
"000002","万  科Ａ","101","1","2024-07-29","6.85","6.69","6.87","6.66","968259.0","648849984","3.07","-2.19","-0.15","1.0"
"000002","万  科Ａ","101","1","2024-07-30","6.67","6.75","6.8","6.65","1074760.0","722985024","2.24","0.9","0.06","1.11"
"000002","万  科Ａ","101","1","2024-07-31","6.73","7.09","7.09","6.67","2048900.0","1421709952","6.22","5.04","0.34","2.11"
"000002","万  科Ａ","101","1","2024-08-01","7.07","6.9","7.15","6.89","1509050.0","1050600000","3.67","-2.68","-0.19","1.55"
"000002","万  科Ａ","101","1","2024-08-02","6.83","6.81","6.94","6.8","1074230.0","736827008","2.03","-1.3","-0.09","1.11"
"000002","万  科Ａ","101","1","2024-08-05","6.78","6.78","7.02","6.76","1576610.0","1085650048","3.82","-0.44","-0.03","1.62"
"000002","万  科Ａ","101","1","2024-08-06","6.85","6.88","6.92","6.77","1263770.0","864548992","2.21","1.47","0.1","1.3"
"000002","万  科Ａ","101","1","2024-08-07","6.84","6.79","6.85","6.72","935649.0","634803008","1.89","-1.31","-0.09","0.96"
"000002","万  科Ａ","101","1","2024-08-08","6.84","6.92","7.1","6.73","2032810.0","1406889984","5.45","1.91","0.13","2.09"
"000002","万  科Ａ","101","1","2024-08-09","6.92","7.18","7.38","6.89","3595750.0","2592539904","7.08","3.76","0.26","3.7"
"000002","万  科Ａ","101","1","2024-08-12","7.15","6.88","7.21","6.86","1928460.0","1344080000","4.87","-4.18","-0.3","1.98"
"000002","万  科Ａ","101","1","2024-08-13","6.85","6.83","6.88","6.76","1060590.0","721868992","1.74","-0.73","-0.05","1.09"
"000002","万  科Ａ","101","1","2024-08-14","6.83","6.78","6.86","6.77","609928.0","414624992","1.32","-0.73","-0.05","0.63"
"000002","万  科Ａ","101","1","2024-08-15","6.77","6.91","6.93","6.72","1275470.0","875422976","3.1","1.92","0.13","1.31"
"000002","万  科Ａ","101","1","2024-08-16","6.87","6.8","6.92","6.79","915966.0","624876032","1.88","-1.59","-0.11","0.94"
"000002","万  科Ａ","101","1","2024-08-19","6.77","6.8","6.88","6.74","749189.0","510584000","2.06","0.0","0.0","0.77"
"000002","万  科Ａ","101","1","2024-08-20","6.79","6.67","6.81","6.66","861589.0","578195008","2.21","-1.91","-0.13","0.89"
"000002","万  科Ａ","101","1","2024-08-21","6.66","6.55","6.68","6.53","1038370.0","684137024","2.25","-1.8","-0.12","1.07"
"000002","万  科Ａ","101","1","2024-08-22","6.58","6.47","6.64","6.46","955246.0","624993024","2.75","-1.22","-0.08","0.98"
"000002","万  科Ａ","101","1","2024-08-23","6.45","6.41","6.48","6.39","729987.0","469304992","1.39","-0.93","-0.06","0.75"
"000002","万  科Ａ","101","1","2024-08-26","6.41","6.53","6.58","6.37","804980.0","523568992","3.28","1.87","0.12","0.83"
"000002","万  科Ａ","101","1","2024-08-27","6.5","6.31","6.51","6.3","983047.0","625252992","3.22","-3.37","-0.22","1.01"
"000002","万  科Ａ","101","1","2024-08-28","6.29","6.22","6.31","6.19","684311.0","426230016","1.9","-1.43","-0.09","0.7"
"000002","万  科Ａ","101","1","2024-08-29","6.2","6.24","6.28","6.18","579195.0","361583008","1.61","0.32","0.02","0.6"
"000002","万  科Ａ","101","1","2024-08-30","6.24","6.76","6.86","6.22","3497340.0","2335350016","10.26","8.33","0.52","3.6"
"000002","万  科Ａ","101","1","2024-09-02","6.51","6.42","6.63","6.42","2126410.0","1385020032","3.11","-5.03","-0.34","2.19"
"000002","万  科Ａ","101","1","2024-09-03","6.41","6.52","6.64","6.32","1581630.0","1028339968","4.98","1.56","0.1","1.63"
"000002","万  科Ａ","101","1","2024-09-04","6.48","6.46","6.76","6.43","1644100.0","1079490048","5.06","-0.92","-0.06","1.69"
"000002","万  科Ａ","101","1","2024-09-05","6.56","6.59","6.66","6.49","1353930.0","890030976","2.63","2.01","0.13","1.39"
"000002","万  科Ａ","101","1","2024-09-06","6.52","6.47","6.57","6.45","870394.0","565443968","1.82","-1.82","-0.12","0.9"
"000002","万  科Ａ","101","1","2024-09-09","6.41","6.37","6.45","6.31","706503.0","449985984","2.16","-1.55","-0.1","0.73"
"000002","万  科Ａ","101","1","2024-09-10","6.37","6.3","6.41","6.2","895241.0","561716992","3.3","-1.1","-0.07","0.92"
"000002","万  科Ａ","101","1","2024-09-11","6.25","6.31","6.38","6.24","604082.0","381296000","2.22","0.16","0.01","0.62"
"000002","万  科Ａ","101","1","2024-09-12","6.29","6.31","6.41","6.29","661412.0","419230016","1.9","0.0","0.0","0.68"
"000002","万  科Ａ","101","1","2024-09-13","6.31","6.32","6.4","6.3","822998.0","522227008","1.58","0.16","0.01","0.85"
"000002","万  科Ａ","101","1","2024-09-18","6.34","6.49","6.55","6.28","1469490.0","942139008","4.27","2.69","0.17","1.51"
"000002","万  科Ａ","101","1","2024-09-19","6.54","6.77","6.92","6.49","2840300.0","1912729984","6.63","4.31","0.28","2.92"
"000002","万  科Ａ","101","1","2024-09-20","6.64","6.89","6.92","6.6","2160540.0","1465360000","4.73","1.77","0.12","2.22"
"000002","万  科Ａ","101","1","2024-09-23","6.78","6.93","7.0","6.77","1529810.0","1058510016","3.34","0.58","0.04","1.57"
"000002","万  科Ａ","101","1","2024-09-24","7.07","7.12","7.17","6.81","3244220.0","2276120064","5.19","2.74","0.19","3.34"
"000002","万  科Ａ","101","1","2024-09-25","7.14","7.31","7.68","7.11","3935250.0","2940339968","8.01","2.67","0.19","4.05"
"000002","万  科Ａ","101","1","2024-09-26","7.22","8.04","8.04","7.22","5278410.0","4081870080","11.22","9.99","0.73","5.43"
"000002","万  科Ａ","101","1","2024-09-27","8.52","8.84","8.84","8.5","7002190.0","6084950016","4.23","9.95","0.8","7.21"
"000002","万  科Ａ","101","1","2024-09-30","9.72","9.72","9.72","9.27","5797270.0","5592759808","5.09","9.95","0.88","5.97"
"000002","万  科Ａ","101","1","2024-10-08","10.69","10.38","10.69","9.34","10972300","11307299840","13.89","6.79","0.66","11.29"
"000002","万  科Ａ","101","1","2024-10-09","9.79","9.34","9.79","9.34","5420340.0","5112809984","4.34","-10.02","-1.04","5.58"
"000002","万  科Ａ","101","1","2024-10-10","8.9","9.12","9.5","8.72","4468210.0","4055409920","8.35","-2.36","-0.22","4.6"
"000002","万  科Ａ","101","1","2024-10-11","8.97","9.1","9.36","8.78","3034140.0","2759330048","6.36","-0.22","-0.02","3.12"
"000002","万  科Ａ","101","1","2024-10-14","9.41","9.34","9.53","9.16","3672030.0","3434070016","4.07","2.64","0.24","3.78"
"000002","万  科Ａ","101","1","2024-10-15","9.06","9.2","9.47","9.06","2621900.0","2433220096","4.39","-1.5","-0.14","2.7"
"000002","万  科Ａ","101","1","2024-10-16","9.41","10.0","10.0","9.32","5645130.0","5495340032","7.39","8.7","0.8","5.81"
"000002","万  科Ａ","101","1","2024-10-17","10.0","9.21","10.01","9.18","4814790.0","4570899968","8.3","-7.9","-0.79","4.96"
"000002","万  科Ａ","101","1","2024-10-18","9.05","9.37","9.55","8.78","4111340.0","3735569920","8.36","1.74","0.16","4.23"
"000002","万  科Ａ","101","1","2024-10-21","9.25","9.19","9.39","9.01","2763990.0","2545299968","4.06","-1.92","-0.18","2.84"
"000002","万  科Ａ","101","1","2024-10-22","9.11","9.24","9.34","9.08","1954060.0","1797100032","2.83","0.54","0.05","2.01"
"000002","万  科Ａ","101","1","2024-10-23","9.22","9.33","9.54","9.16","2596750.0","2428580096","4.11","0.97","0.09","2.67"
"000002","万  科Ａ","101","1","2024-10-24","9.2","9.12","9.3","9.06","1700970.0","1558630016","2.57","-2.25","-0.21","1.75"
"000002","万  科Ａ","101","1","2024-10-25","9.12","9.14","9.29","9.12","1802420.0","1657570048","1.86","0.22","0.02","1.85"
"000002","万  科Ａ","101","1","2024-10-28","9.13","9.39","9.39","9.11","2842020.0","2647140096","3.06","2.74","0.25","2.92"
"000002","万  科Ａ","101","1","2024-10-29","9.31","9.13","9.63","9.1","2577830.0","2393100032","5.64","-2.77","-0.26","2.65"
"000002","万  科Ａ","101","1","2024-10-30","9.1","9.22","9.38","9.07","2329880.0","2156740096","3.4","0.99","0.09","2.4"
"000002","万  科Ａ","101","1","2024-10-31","9.11","9.28","9.66","9.01","3502500.0","3278899968","7.05","0.65","0.06","3.6"
"000002","万  科Ａ","101","1","2024-11-01","9.21","9.11","9.44","9.09","2666550.0","2462409984","3.77","-1.83","-0.17","2.74"
"000002","万  科Ａ","101","1","2024-11-04","9.15","9.07","9.18","8.88","1937050.0","1735650048","3.29","-0.44","-0.04","1.99"
"000002","万  科Ａ","101","1","2024-11-05","9.03","9.34","9.44","9.01","2875000.0","2665169920","4.74","2.98","0.27","2.96"
"000002","万  科Ａ","101","1","2024-11-06","9.29","9.5","9.7","9.11","3951360.0","3714560000","6.32","1.71","0.16","4.07"
"000002","万  科Ａ","101","1","2024-11-07","9.4","9.89","9.92","9.36","5125320.0","4987140096","5.89","4.11","0.39","5.27"
"000002","万  科Ａ","101","1","2024-11-08","10.0","9.51","10.05","9.48","4120900.0","3969400064","5.76","-3.84","-0.38","4.24"
"000002","万  科Ａ","101","1","2024-11-11","9.38","9.3","9.48","9.16","2735800.0","2538629888","3.36","-2.21","-0.21","2.82"
"000002","万  科Ａ","101","1","2024-11-12","9.3","9.19","9.44","9.14","2245360.0","2086150016","3.23","-1.18","-0.11","2.31"
"000002","万  科Ａ","101","1","2024-11-13","9.12","9.07","9.22","8.97","2074230.0","1880000000","2.72","-1.31","-0.12","2.13"
"000002","万  科Ａ","101","1","2024-11-14","9.3","8.95","9.3","8.93","2188350.0","1984169984","4.08","-1.32","-0.12","2.25"
"000002","万  科Ａ","101","1","2024-11-15","8.9","8.71","8.95","8.7","1628730.0","1436249984","2.79","-2.68","-0.24","1.68"
"000002","万  科Ａ","101","1","2024-11-18","8.79","8.84","9.03","8.76","1866130.0","1660060032","3.1","1.49","0.13","1.92"
"000002","万  科Ａ","101","1","2024-11-19","8.84","8.75","8.85","8.53","1626740.0","1409789952","3.62","-1.02","-0.09","1.67"
"000002","万  科Ａ","101","1","2024-11-20","8.7","8.76","8.79","8.65","955709.0","833758016","1.6","0.11","0.01","0.98"
"000002","万  科Ａ","101","1","2024-11-21","8.73","8.68","8.79","8.62","1011830.0","878348032","1.94","-0.91","-0.08","1.04"
"000002","万  科Ａ","101","1","2024-11-22","8.66","8.42","8.78","8.41","1343870.0","1157680000","4.26","-3.0","-0.26","1.38"
"000002","万  科Ａ","101","1","2024-11-25","8.43","8.38","8.49","8.25","1138990.0","952072000","2.85","-0.48","-0.04","1.17"
"000002","万  科Ａ","101","1","2024-11-26","8.34","8.36","8.48","8.32","953480.0","799881024","1.91","-0.24","-0.02","0.98"
"000002","万  科Ａ","101","1","2024-11-27","8.34","8.45","8.45","8.22","1042550.0","869425024","2.75","1.08","0.09","1.07"
"000002","万  科Ａ","101","1","2024-11-28","8.43","8.48","8.55","8.41","1100500.0","933227008","1.66","0.36","0.03","1.13"
"000002","万  科Ａ","101","1","2024-11-29","8.43","8.6","8.73","8.42","1490960.0","1283660032","3.66","1.42","0.12","1.53"
"000002","万  科Ａ","101","1","2024-12-02","8.53","8.68","8.73","8.52","1087410.0","940174976","2.44","0.93","0.08","1.12"
"000002","万  科Ａ","101","1","2024-12-03","8.65","8.74","8.78","8.6","1172820.0","1017980032","2.07","0.69","0.06","1.21"
"000002","万  科Ａ","101","1","2024-12-04","8.7","8.55","8.7","8.53","1101740.0","948249984","1.95","-2.17","-0.19","1.13"
"000002","万  科Ａ","101","1","2024-12-05","8.5","8.52","8.54","8.45","733435.0","622926976","1.05","-0.35","-0.03","0.75"
"000002","万  科Ａ","101","1","2024-12-06","8.51","8.68","8.72","8.48","1301040.0","1123619968","2.82","1.88","0.16","1.34"
"000002","万  科Ａ","101","1","2024-12-09","8.65","8.42","8.7","8.38","1641660.0","1393750016","3.69","-3.0","-0.26","1.69"
"000002","万  科Ａ","101","1","2024-12-10","8.99","8.58","8.99","8.58","2802650.0","2463190016","4.87","1.9","0.16","2.88"
"000002","万  科Ａ","101","1","2024-12-11","8.51","8.65","8.76","8.5","1410340.0","1219110016","3.03","0.82","0.07","1.45"
"000002","万  科Ａ","101","1","2024-12-12","8.63","8.69","8.72","8.55","1289040.0","1114370048","1.97","0.46","0.04","1.33"
"000002","万  科Ａ","101","1","2024-12-13","8.59","8.41","8.61","8.4","1920780.0","1624179968","2.42","-3.22","-0.28","1.98"
"000002","万  科Ａ","101","1","2024-12-16","8.42","8.23","8.45","8.2","1198130.0","994008000","2.97","-2.14","-0.18","1.23"
"000002","万  科Ａ","101","1","2024-12-17","8.24","8.14","8.26","8.13","873037.0","714491008","1.58","-1.09","-0.09","0.9"
"000002","万  科Ａ","101","1","2024-12-18","8.17","8.14","8.21","8.13","695355.0","567472000","0.98","0.0","0.0","0.72"
"000002","万  科Ａ","101","1","2024-12-19","8.0","7.91","8.01","7.82","1838120.0","1451539968","2.33","-2.83","-0.23","1.89"
"000002","万  科Ａ","101","1","2024-12-20","7.88","7.82","7.93","7.8","1164400.0","912492992","1.64","-1.14","-0.09","1.2"
"000002","万  科Ａ","101","1","2024-12-23","7.79","7.66","7.8","7.65","1169010.0","901070016","1.92","-2.05","-0.16","1.2"
"000002","万  科Ａ","101","1","2024-12-24","7.68","7.73","7.73","7.63","880608.0","677822976","1.31","0.91","0.07","0.91"
"000002","万  科Ａ","101","1","2024-12-25","7.71","7.54","7.73","7.47","1517660.0","1146550016","3.36","-2.46","-0.19","1.56"
"000002","万  科Ａ","101","1","2024-12-26","7.5","7.51","7.56","7.48","710188.0","534064000","1.06","-0.4","-0.03","0.73"
"000002","万  科Ａ","101","1","2024-12-27","7.51","7.55","7.63","7.49","1004320.0","760188992","1.86","0.53","0.04","1.03"
"000002","万  科Ａ","101","1","2024-12-30","7.5","7.36","7.51","7.33","1338890.0","990278016","2.38","-2.52","-0.19","1.38"
"000002","万  科Ａ","101","1","2024-12-31","7.38","7.26","7.44","7.25","1007540.0","739446976","2.58","-1.36","-0.1","1.04"
